{"iteration":1,"logs":{"training":[{"val_loss":[32.115699768066406,31.018382263183593,29.890531539916992],"val_ActionProbabilities_loss":[66.5073013305664,64.1225357055664,61.216644287109375],"val_Value_loss":[32.115699768066406,31.018382263183593,29.890531539916992],"val_Value_mse":[36.42108917236328,33.10415153503418,30.27018165588379],"loss":[87.87039184570312,76.93133544921875,70.79484558105469],"ActionProbabilities_loss":[44.3250732421875,39.5668342590332,35.901084899902344],"Value_loss":[41.502811431884766,35.322444152832034,32.852046966552734],"Value_mse":[1.298555850982666,1.1065050601959228,1.030780553817749]}],"evaluation":[],"player_elo":[1500],"opponent_elo":[1500]}}